movie_id,title,release_year,running_time (minutes),description,Letterboxd_link
0001,The Wicker Man,1973,94,"A puritan police sergeant arrives in a Scottish island village in search of a missing girl, who the pagan locals claim never existed.

Benny's review: I love you",https://boxd.it/1KnG
0002,After Hours,1985,98,"Ordinary word processor Paul Hackett experiences the worst night of his life after he agrees to visit Marcy, a Soho resident that he met that evening at a coffee shop.",https://boxd.it/1VfS
0003,Step Brothers,2008,95,"Two aimless middle-aged losers still living at home are forced against their will to become roommates when their parents marry.

Benny's review: I love you",https://boxd.it/1SsE
0004,Memoir of a Snail,2024,95,"A bittersweet memoir of a melancholic woman called Grace Pudel - a hoarder of snails, romance novels, and guinea pigs.

Benny's review: liked it",https://boxd.it/EgX8
0005,Robot Dreams,2023,113,"The adventures and misfortunes of Dog and Robot in New York City during the 1980s.

Benny's review: I love you",https://boxd.it/vBZm
0006,But I'm a Cheerleader,1999,85,"A naive teenager is sent to rehab camp when her straitlaced parents and friends suspect her of being a lesbian.

Benny's review: I love you",https://boxd.it/1CW4
0007,Speed Racer,2008,95,"Young driver, Speed Racer, aspires to be champion of the racing world with the help of his family and his high-tech Mach 5 automobile.

Benny's review: I love you",https://boxd.it/20UQ
0008,"It's a Mad, Mad, Mad, Mad World",1963,209,"Several different motorists witness a single car crash in the California desert and, after the driver's dying words indicate the location of a hidden stash of loot, turn against each other in a mad dash across the state to get to it.",https://boxd.it/1TvO
0009,Taste of Cherry,1997,95,An Iranian man drives his car in search of someone who will quietly bury him under a cherry tree after he commits suicide.,https://boxd.it/1m8W
0010,Ali: Fear Eats the Soul,1974,94,"A lonely widow meets a much younger Moroccan worker in a bar during a rainstorm. They fall in love, to their own surprise and to the outright shock of their families, colleagues, and drinking buddies.",https://boxd.it/2aRi
0011,Boy,2010,87,"Boy, an 11-year-old child and devout Michael Jackson fan who lives on the east coast of New Zealand in 1984, gets a chance to know his absentee criminal father, who has returned to find a bag of money he buried years ago.

Benny's review: I love you",https://boxd.it/13RS
0012,The Burden,2017,15,"A dark musical enacted in a market place, situated next to a freeway. The employees of the various commercial venues deal with boredom and existential anxiety by performing cheerful musical turns. The apocalypse is a tempting liberator.",https://boxd.it/gkhM
0013,There Will Be Blood,2007,208,"A story of family, religion, hatred, oil and madness, focusing on a turn-of-the-century prospector in the early days of the business.",https://boxd.it/20Z2
0014,Superbad,2007,119,Two co-dependent high school seniors are forced to deal with separation anxiety after their plan to stage a booze-soaked party goes awry.,https://boxd.it/20hO
0015,Can't Buy Me Love,1987,94,An outcast secretly pays the most popular girl in school one thousand dollars to pretend to be his girlfriend for a month.,https://boxd.it/1R4c
0016,Mon Oncle,1958,107,"Monsieur Hulot visits the technology-driven world of his sister, brother-in-law, and nephew, but he can't quite fit into the surroundings. 

Benny's review: watched it",https://boxd.it/2apy
0017,Hustler White,1996,79,"Reminiscent of Sunset Boulevard, Hustler White transposes the action from the silver screen's old movie backlots to contemporary male prostitution and the porn industry. Said to be an homage to classic Hollywood cinema.",https://boxd.it/ROs
0018,A Bronx Tale,1993,121,"An intense drama about a boy torn between his tough, hard-working father and a violent yet charismatic crime boss.",https://boxd.it/28uQ
0019,Le voyage dans la lune,1902,13,A group of astronomers go on an expedition to the Moon.,https://boxd.it/29EC
0020,Zoo,2007,75,"A look at the life of an Enumclaw, Washington man who died as a result of an unusual encounter with a horse.",https://boxd.it/1G5I
0021,F for Fake,1973,89,A documentary about fraud and fakery.,https://boxd.it/VxA
0022,Big Fish,2003,125,A frustrated son tries to determine the fact from ficiton in his dying father's life.,https://boxd.it/2a3M
0023,Stopmotion,2023,93,A stop-motion animator struggles to control her demons after the loss of her overbearing mother.,https://boxd.it/vHYa
0024,Little Shop of Horrors,1986,94,A nerdy florist finds his chance for success and romance with the help of a giant man-eating plant who demands to be fed.,https://boxd.it/1Vqm
0025,Double indemnity,1944,107,"An insurance representative is seduced by a dissatisfied housewife into a scheme of insurance fraud and murder that arouses the suspicion of his colleague, a claims investigator.",https://boxd.it/297I
0026,The Lobster,2015,118,"In a dystopian near future, according to the laws of The City, single people are taken to The Hotel, where they are obliged to find a romantic partner in 45 days or they're transformed into beasts and sent off into The Woods.

Benny's review: mixed feelings",https://boxd.it/7tnw
0027,Sorry to Bother You,2018,112,"In an alternate present-day version of Oakland, telemarketer Cassius Green discovers a magical key to professional success, propelling him into a universe of greed.",https://boxd.it/f21E
0028,In the Mood for Love,2000,108,"Two neighbors form a strong bond after both suspect extramarital activities of their spouses. However, they agree to keep their bond platonic so as not to commit similar wrongs.

Benny's review: I love you",https://boxd.it/29tE
0029,Babygirl,2024,114,"A high-powered CEO puts her career and family on the line when she begins a torrid affair with her much-younger intern.

Benny's review: liked it",https://boxd.it/Fvai
0030,Shutter Island,2010,138,"Two US marshals are sent to a mental institution on an inhospitable island in order to investigate the disappearance of a patient.

Benny's review: liked it",https://boxd.it/1U82
0031,Come and See,1985,140,"After finding an old rifle, a young boy joins the Soviet resistance movement against ruthless German forces and experiences the horrors of World War II.",https://boxd.it/1w9q
0032,All About My Mother,1999,101,"A comedy-drama about a bereaved mother, an overwrought actress, her jealous lover, and a pregnant nun.

Benny's review: watched it",https://boxd.it/2b9c
0033,The Clovehitch Killer,2018,109,"A picture-perfect family is shattered when the work of a serial killer hits too close to home.

Benny's review: liked it",https://boxd.it/jRjM
0034,This is 40,2012,134,"Long-time married couple Pete and Debbie struggle with the idea of turning 40. With disobedient children and rising debts coupled with an unwanted pregnancy, the two head towards a myriad of problems.

Benny's review: I love you",https://boxd.it/39WI
0035,Maps to the Stars,2015,111,"Troubled Hollywood actress Havana Segrand is considering a career-boosting return playing her own mother, also a legendary film star. Her analyst Stafford Weiss's son Benji is a spoiled, multimillionaire child star, recently returned to public life following a spell in rehab. When Havana hires unknown Agatha as her new assistant on her friend Carrie Fisher's personal recommendation, it reveals dangerous secrets that they would all prefer to keep buried.",https://boxd.it/4WCu
0036,Stress Positions,2024,95,"During the early months of the COVID-19 pandemic in Brooklyn, a Moroccan American young man named Bahlul recovers from a broken leg while quarantining with his uncle Terry.

Benny's review: watched it",https://boxd.it/K5cs
0037,Dan in Real Life,2007,98,"Widower Dan Burns gives family advice in his column, but struggles with raising his three daughters alone. After arriving at Dan's parents' for a family get together, their bickering drives him to take refuge in the local bookstore, where he meets and swiftly falls for charming Marie. However, the revelation that Marie is in fact the new girlfriend of Dan's brother brings their fragile flirtation to a shuddering halt.",https://boxd.it/218y
0038,Being John Malkovich,1999,112,"In this quirky cult-favorite comedy, unemployed New York City puppeteer Craig Schwartz reluctantly takes a temp job as a filing clerk for the eccentric Dr. Lester . While at work, Craig discovers a portal that leads into the mind of renowned actor John Malkovich. When he lets his attractive co-worker Maxine in on the secret, they begin both an unusual business scheme and an odd relationship that involves Craig's restless wife, Lotte.",https://boxd.it/2ahu
0039,50/50,2011,100,"Adam Lerner has always tried to take good care of his health, so it comes as a cruel surprise when he learns that he has malignant tumors along his spine. His doctor gives him a 50/50 chance of survival, but Adam tries to remain upbeat, though his mother and his friend Kyle, react badly to the news. Adam starts seeing a therapist, but their relationship threatens to cross the boundary between doctor and patient.

Benny's review: liked it",https://boxd.it/10Tw
0040,Theater Camp,2023,93,"Eccentric staff members of an upstate New York theatre camp must band together when their beloved founder falls into a coma.

Benny's review: I love you",https://boxd.it/Bfbm
0041,Popstar: Never Stop Never Stopping,2016,87,"Childhood friends Conner, Owen and Lawrence found fame and fortune after forming the hip-hop group the Style Boyz. Owen and Lawrence faded into the background when frontman Conner left the band to launch a successful solo career. Now, the egotistical singer decides to film a documentary about his life while he's still on top. When his second album flops, the camera is there to capture his world come crashing down.

Benny's review: watched it",https://boxd.it/blDa
0042,Hot Rod,2007,88,"For Rod Kimball, performing stunts is a way of life, even though he is rather accident-prone. Poor Rod cannot even get any respect from his stepfather, Frank, who beats him up in weekly sparring matches. When Frank falls ill, Rod devises his most outrageous stunt yet to raise money for Frank's operation -- and then Rod will kick Frank's butt.

Benny's review: watched it",https://boxd.it/1X9C
0043,Secretary,2002,107,"Lee Holloway, a young woman with a history of severe emotional problems, is released into the care of her overbearing parents following a stay at a mental institution. She finds work as a secretary for a rigid and demanding attorney, E. Edward Grey, and starts dating the kind but dull Peter. However, Lee soon realizes she's turned on by Grey's stern demeanor, and begins a sadomasochistic relationship with him.",https://boxd.it/1URc
0044,I Heart Huckabees,2004,107,"Environmentalist Albert enlists the services of existential detectives Bernard and Vivian to solve the meaning of a succession of strange coincidences. The investigators conclude that the backstabbing Brad -- a public relations manager at big-box retailer Huckabees -- is at the root of Albert's angst. Brad tries to turn the tables, however, by hiring the philosophic duo for his own nefarious purposes.",https://boxd.it/28vk
0045,The Art of Self Defense,2019,104,"After getting attacked on the street, Casey enlists in a local dojo led by a charismatic and mysterious sensei. He soon uncovers a sinister fraternity of violence and masculinity while learning how to defend himself from future attacks. Casey must now embark on a dark and frightening journey that places him squarely in the sights of his enigmatic new mentor.",https://boxd.it/hf5y
0046,Playtime,1967,155,"Monsieur Hulot curiously wanders around a high-tech Paris, paralleling a trip with a group of American tourists. Meanwhile, a nightclub/restaurant prepares its opening night, but it's still under construction.",https://boxd.it/1WLK
0047,"Angus, Thongs, and Perfect Snogging",2008,100,"The story centers on a 14-year-old girl who keeps a diary about the ups and downs of being a teenager, including the things she learns about kissing. 

Benny's review: watched it",https://boxd.it/1RpO
0048,10 Things I Hate About You,1999,97,"A high-school boy, Cameron, cannot date Bianca until her anti-social older sister, Kat, has a boyfriend. So, Cameron pays a mysterious boy, Patrick, to charm Kat.

Benny's review: liked it",https://boxd.it/23AO
0049,Big Fat Liar,2002,88,"Fourteen-year-old Jason Shepherd has a reputation for stretching the truth. So, when big-time Hollywood producer Marty Wolf steals his class paper and turns it into a smash hit movie, no one believes Jason's latest tall tale.

Benny's review: watched it",https://boxd.it/1STg
0050,The Way Way Back,2013,103,"Shy 14-year-old Duncan goes on summer vacation with his mother, her overbearing boyfriend, and her boyfriend's daughter. Having a rough time fitting in, Duncan finds an unexpected friend in Owen, manager of the Water Wizz water park.",https://boxd.it/4Gwq
0051,Silence of the Lambs,1991,118,"A young F.B.I. cadet must receive the help of an incarcerated and manipulative cannibal killer to help catch another serial killer, a madman who skins his victims.

Benny's review: watched it",https://boxd.it/2aHW
0052,Zodiac,2007,157,"In the late 1960s and 1970s, fear grips the city of San Francisco as a serial killer called Zodiac stalks its residents. Investigators and reporters become obsessed with learning the killer's identity and bringing him to justice. Meanwhile, Zodiac claims victim after victim and taunts the authorities with cryptic messages, cyphers and menacing phone calls.",https://boxd.it/27MO
0053,Se7en,1995,130,"When retiring police Detective William Somerset tackles a final case with the aid of newly transferred David Mills, they discover a number of elaborate and grizzly murders. They soon realize they are dealing with a serial killer who is targeting people he thinks represent one of the seven deadly sins. Somerset also befriends Mills' wife, Tracy, who is pregnant and afraid to raise her child in the crime-riddled city.

Benny's review: hated it",https://boxd.it/29zs
0054,Cruising,1980,102,"A psychopath is scouring New York City gay clubs and viciously slaying homosexuals. Detective Steve Burns is ordered to don leather attire, hang at the city's S&M joints and keep an eye out for the killer. But as Steve becomes immersed in club hopping, he begins to identify with the subculture more than he expected. Meanwhile, Steve behaves distantly around his girlfriend, Nancy, the police force's homophobia becomes apparent and the killer remains at large.",https://boxd.it/1qzW
0055,Memento,2000,116,"Leonard is tracking down the man who raped and murdered his wife. The difficulty, however, of locating his wife's killer is compounded by the fact that he suffers from a rare, untreatable form of memory loss. Although he can recall details of life before his accident, Leonard cannot remember what happened fifteen minutes ago, where he's going, or why.

Benny's review: hated it",https://boxd.it/2bcK
0056,Thelma & Louise,1991,130,"Meek housewife Thelma joins her friend Louise, an independent waitress, on a short fishing trip. However, their trip becomes a flight from the law when Louise shoots and kills a man who tries to rape Thelma at a bar. Louise decides to flee to Mexico, and Thelma joins her. On the way, Thelma falls for sexy young thief J.D. and the sympathetic Detective Slocumb tries to convince the two women to surrender before their fates are sealed. 

Benny's review: watched it",https://boxd.it/28Ew
0057,Boogie Nights,1997,153,"In the San Fernando Valley in 1977, teenage busboy Eddie Adams gets discovered by porn director Jack Horner, who transforms him into adult-film sensation Dirk Diggler. Brought into a supportive circle of friends, including fellow actors Amber Waves, Rollergirl and Reed Rothchild, Dirk fulfills all his ambitions, but a toxic combination of drugs and egotism threatens to take him back down.",https://boxd.it/23um
0058,The Squid and the Whale,2005,141,"A pair of brothers living in Brooklyn are caught in the middle of, and deeply affected by, the divorce of their erudite parents, Bernard and Joan Berkman. Older sibling Walt sides with dad and acts out at school, while younger brother Frank quietly backs up mom. The household tension rises further when Joan's writing career takes off and surpasses the failed ambitions of her professor ex-husband.",https://boxd.it/1VAG
0059,Whiplash,2014,107,"Andrew Neiman is an ambitious young jazz drummer, in pursuit of rising to the top of his elite music conservatory. Terence Fletcher, an instructor known for his terrifying teaching methods, discovers Andrew and transfers the aspiring drummer into the top jazz ensemble, forever changing the young man's life. But Andrew's passion to achieve perfection quickly spirals into obsession, as his ruthless teacher pushes him to the brink of his ability and his sanity.

Benny's review: watched it",https://boxd.it/7bQA
0060,Raising Arizona,1987,94,"Fast-paced farce about an unlikely pair who go to extreme lengths to have a child. When an incompetent robber marries a policewoman, they discover that they are infertile. In order to appease his wife's longings for a child, the man steals one of a set of quintuplets, but mayhem ensues when the child's rich father sends a rabbit-shooting bounty hunter after the kidnapper.",https://boxd.it/2avQ
0061,TÁR,2022,98,"Renowned musician Lydia Tár is days away from recording the symphony that will elevate her career. When all elements seem to conspire against her, Lydia's adopted daughter Petra becomes an integral emotional support for her struggling mother.

Benny's review: I love you",https://boxd.it/uNIA
0062,Magic Mike XXL,2015,115,"It's been three years since Mike Lane's retirement from stripping, but the former dancer misses the excitement and feeling of being on stage. Most of all, though, he misses the best friends that he ever had, the crew known as the Kings of Tampa. Opportunity comes knocking when the guys look him up as they travel to Myrtle Beach, S.C., for a stripper convention. With the promise of outrageous fun, a reinvigorated Mike can't resist the chance to join in and take it off again.",https://boxd.it/7TTS
0063,Lars and the Real Girl,2007,106,"Extremely shy Lars finds it impossible to make friends or socialize. His brother and sister-in-law worry about him, so when he announces that he has a girlfriend he met on the Internet, they are overjoyed. But Lars' new lady is a life-size plastic woman. On the advice of a doctor, his family and the rest of the community go along with his delusion.

Benny's review: watched it",https://boxd.it/21tG
0064,Nightcrawler,2014,117,"Los Angeles denizen Louis Bloom survives by scavenging and petty theft. He stumbles into a new career as a cameraman and -- armed with a camcorder and police scanner -- begins nocturnal forays across the city in search of shocking and grisly crimes. When he catches the eye of a shopworn news director who welcomes the chance to raise her station's ratings, Louis goes to increasingly greater lengths to catch the ""money shot.""

Benny's review: hated it",https://boxd.it/780m
0065,The Piano Teacher,2001,131,"Erika Kohut teaches piano at the Conservatory in Vienna. In her early forties, she lives at home, cooped up with her mother, whose influence Erika escapes only on her regular visits to porn cinemas and peepshows. Her sexuality is an affair of morbid voyeurism and masochistic self-mutilation. Erika and life travel separate paths. Until one day, one of her students gets it into his head to seduce her.",https://boxd.it/2886
0066,May December,2023,117,"Twenty years after their notorious tabloid romance, a married couple buckle under the pressure when a Hollywood actress meets them to do research for a film about their past.

Benny's review: watched it",https://boxd.it/vEE2
0067,Birdman or (The Unexpected Virtue of Ignorance),2014,120,"Former cinema superhero Riggan Thomson is mounting an ambitious Broadway production that he hopes will breathe new life into his stagnant career. It's risky, but he hopes that his creative gamble will prove that he's a real artist and not just a washed-up movie star. As opening night approaches, a castmate is injured, forcing Riggan to hire an actor who is guaranteed to shake things up. Meanwhile, Riggan must deal with his girlfriend, daughter and ex-wife.",https://boxd.it/5RFA
0068,Crystal Fairy & the Magical Cactus,2013,100,"Jamie invites an eccentric woman on a road trip with his friends. His devil-may-care journey becomes a battle of wills, as the two lock horns before they try a hallucinogenic concoction.

Benny's review: mixed feelings",https://boxd.it/4VTa
0069,Ingrid Goes West,2017,98,"Following the death of her mother and a series of self-inflicted setbacks, young Ingrid Thorburn escapes a humdrum existence by moving out West to befriend her Instagram obsession, a Los Angeles socialite named Taylor Sloane. After a quick bond is forged between these unlikeliest of buddies, the facade begins to crack in both women's lives -- with comically malicious results.

Benny's review: watched it",https://boxd.it/evUQ
0070,Jawbreaker,1999,146,"When an exclusive clique of teenage socialites accidentally murders their best friend, Liz, on the morning of her birthday, the three girls responsible -- Courtney, Julie and Marcie -- conspire to hide the truth. As the trio make over nerdy reject Fern Mayo and groom her to take Liz's place, crack police Detective Vera Cruz launches an investigation that will turn Reagan High School upside down.

Benny's review: mixed feelings",https://boxd.it/1G7a
0071,Paris Is Burning,1990,71,"This documentary focuses on drag queens living in New York City and their ""house"" culture, which provides a sense of community and support for the flamboyant and often socially shunned performers. Groups from each house compete in elaborate balls that take cues from the world of fashion. Also touching on issues of racism and poverty, the film features interviews with a number of renowned drag queens, including Willi Ninja, Pepper LaBeija and Dorian Corey.

Benny's review: liked it",https://boxd.it/1jzg
0072,Will and Harper,2024,114,"When Will Ferrell finds out his close friend of 30 years is coming out as a trans woman, the two decide to embark on a cross-country road trip to process this new stage of their relationship in an intimate portrait of friendship and transition.

Benny's review: liked it",https://boxd.it/K5eo
0073,Meshes of the Afternoon,1943,1943,"This avant-garde classic, made in collaboration with husband Alexander Hammid, is an important piece of feminist filmmaking. Of the film, with its subjective camera movement, jump cuts, and visual repetition, Deren wrote, “[it] is concerned with the inner realities of the individual and the way in which the subconscious will develop, interpret and elaborate an apparently simple and causal occurrence into a critical emotional experience.” Here in its original version, it is presented intentionally silent.",https://boxd.it/1sEE
0074,"Synecdoche, New York",2008,124,"Life is looking pretty bleak for theater director Caden Cotard. His wife and daughter have left him, his therapist is more interested in plugging her new book than helping him with his problems, and a strange disease is causing his body to shut down. Caden leaves his home in Schenectady, N.Y., and heads to New York City, where he gathers a cast of actors and tells them to live their lives within the constructs of a mock-up of the city.",https://boxd.it/23zw
0075,Ex Machina,2014,108,"Caleb Smith a programmer at a huge Internet company, wins a contest that enables him to spend a week at the private estate of Nathan Bateman, his firm's brilliant CEO. When he arrives, Caleb learns that he has been chosen to be the human component in a Turing test to determine the capabilities and consciousness of Ava, a beautiful robot. However, it soon becomes evident that Ava is far more self-aware and deceptive than either man imagined.

Benny's review: gave up",https://boxd.it/7T2k
0076,Interview with the Vampire,1994,123,"Born as an 18th-century lord, Louis is now a bicentennial vampire, telling his story to an eager biographer. Suicidal after the death of his family, he meets Lestat, a vampire who persuades him to choose immortality over death and become his companion. Eventually, gentle Louis resolves to leave his violent maker, but Lestat guilts him into staying by turning a young girl -- whose addition to the ""family"" breeds even more conflict.

Benny's review: watched it",https://boxd.it/29XO
0077,Princess Bride,1987,108,"A fairy tale adventure about a beautiful young woman and her one true love. He must find her after a long separation and save her. They must battle the evils of the mythical kingdom of Florin to be reunited with each other. Based on the William Goldman novel ""The Princess Bride"" which earned its own loyal audience.

Benny's review: needs rewatch",https://boxd.it/26EY
0078,The Fall,2006,117,"A bedridden patient in a hospital on the outskirts of 1920s Los Angeles befriends a fellow patient, and shares a fantastic tale of heroes, myths, and villains on a desert island with the little girl.",https://boxd.it/1NoM
0079,Scott Pilgrim vs. the World,2010,102,"As bass guitarist for a garage-rock band, Scott Pilgrim has never had trouble getting a girlfriend; usually, the problem is getting rid of them. But when Ramona Flowers skates into his heart, he finds she has the most troublesome baggage of all: an army of ex-boyfriends who will stop at nothing to eliminate him from her list of suitors.

Benny's review: watched it",https://boxd.it/1Aq6
0080,The Stepford Wives,2004,93,"Joanna Eberhart, a wildly successful president of a TV Network, after a series of shocking events, suffers a nervous breakdown and is moved by her milquetoast of a husband, Walter, from Manhattan to the chic, upper-class, and very modern planned community of Stepford, Connecticut. Once there, she makes good friends with the acerbic Bobbie Markowitz, a Jewish writer who's also a recovering alcoholic. Together they find out, much to their growing stupor and-then horror, that all the housewives in town are strangely blissful and, somehow... doomed. What is going on behind the closed doors of the Stepford Men's Association and the Stepford Day Spa? Why is everything perfect here? Will it be too late for Joanna and Bobbie when they finally find out?",https://boxd.it/1XBc
0081,The Handmaiden,2016,151,"With help from an orphaned pickpocket, a Korean con man devises an elaborate plot to seduce and bilk a Japanese woman out of her inheritance.

Benny's review: liked it",https://boxd.it/948A
0082,28 Days Later,2002,103,"A group of misguided animal rights activists free a caged chimp infected with the ""Rage"" virus from a medical research lab. When London bike courier Jim wakes up from a coma a month after, he finds his city all but deserted. On the run from the zombie-like victims of the Rage, Jim stumbles upon a group of survivors, including Selena and cab driver Frank, and joins them on a perilous journey to what he hopes will be safety.

Benny's review: I love you",https://boxd.it/2aXU
0083,Infinity Pool,2023,108,"While staying at an isolated island resort, James and Em are enjoying a perfect vacation of pristine beaches, exceptional staff, and soaking up the sun. But guided by the seductive and mysterious Gabi, they venture outside the resort grounds and find themselves in a culture filled with violence, hedonism, and untold horror.

Benny's review: watched it",https://boxd.it/oPSK
0084,Jennifer’s Body,2009,105,"In a bid to further their careers, indie band Low Shoulder made a pact with the Devil, one that requires the soul of a virgin. They kidnap and kill cheerleader Jennifer, but unfortunately she was no virgin and resurrects to take her retribution.

Benny's review: watched it",https://boxd.it/1Efw
0085,It Follows,2014,100,"After carefree teenager Jay sleeps with her new boyfriend, Hugh, for the first time, she learns that she is the latest recipient of a fatal curse that is passed from victim to victim via sexual intercourse. Death, Jay learns, will creep inexorably toward her as either a friend or a stranger. Jay's friends don't believe her seemingly paranoid ravings, until they too begin to see the phantom assassins and band together to help her flee or defend herself.

Benny's review: watched it",https://boxd.it/87wo
0086,X,2022,105,"A group of actors sets out to make an adult film in rural Texas under the noses of their reclusive hosts, but when the elderly couple catches their young guests in the act, the cast finds themselves in a desperate fight for their lives.

Benny's review: liked it",https://boxd.it/sxVa
0087,The House That Jack Built,2018,155,"In five episodes, failed architect and vicious sociopath Jack recounts his elaborately orchestrated murders -- each, as he views them, a towering work of art that defines his life's work as a serial killer in the Pacific Northwest.

Benny's review: watched it",https://boxd.it/dWO4
0088,The Big Lebowski,1998,97,"Jeff `The Dude' Leboswki is mistaken for Jeffrey Lebowski, who is The Big Lebowski. Which explains why he's roughed up and has his precious rug peed on. In search of recompense, The Dude tracks down his namesake, who offers him a job. His wife has been kidnapped and he needs a reliable bagman. Aided and hindered by his pals Walter Sobchak, a Vietnam vet, and Donny, master of stupidity.",https://boxd.it/2b6C
0089,Welcome to the Dollhouse,1995,87,"Middle-school student Dawn Weiner faces degradation at school -- where she is teased constantly -- and at home. The middle child between nerdy older brother Mark and perky younger sister Missy, Dawn can't seem to find a place to belong. Although she has a crush on a cute boy whom her brother knows, she can only catch the attention of bully Brandon, who threatens her to show affection.",https://boxd.it/1TPO
0090,The Sound of Music,1965,172,"A tuneful, heartwarming story, it is based on the real life story of the Von Trapp Family singers, one of the world's best-known concert groups in the era immediately preceding World War II. Julie Andrews plays the role of Maria, the tomboyish postulant at an Austrian abbey who becomes a governess in the home of a widowed naval captain with seven children, and brings a new love of life and music into the home.",https://boxd.it/1MLK
0091,The Holiday,2006,148,"Dumped and depressed, English rose Iris agrees to swap homes with similarly unlucky in love Californian Amanda for a much-needed break. Iris finds herself in a palatial Hollywood mansion while Amanda navigates the lanes of a picture-perfect English village. Soon enough, both lovelorn ladies bump into local lads perfect for a romantic pick-me-up.",https://boxd.it/28ye
0092,Palm Springs,2020,90,"Nyles and Sarah find themselves stuck in a time loop and living the same day over and over again. They are drawn to each other but certain revelations threaten their budding romance.

Benny's review: I love you",https://boxd.it/lCXQ
0093,Snowpiercer,2013,126,"Survivors of Earth's second ice age live out their days on a luxury train that ploughs through snow and ice. The train's poorest residents, who live in the squalid caboose, plan to improve their lot by taking over the engine room.",https://boxd.it/3Icg
0094,Funny Games,1997,109,"An idyllic lakeside vacation home is terrorized by Paul and Peter, a pair of deeply disturbed young men. When the fearful Anna is home alone, the two men drop by for a visit that quickly turns violent and terrifying. Husband Georg comes to her rescue, but Paul and Peter take the family hostage and subject them to nightmarish abuse and humiliation. From time to time, Paul talks to the film's audience, making it complicit in the horror.

Benny's review: watched it",https://boxd.it/1WKM
0095,Sound of Metal,2019,120,"Ruben, a drummer, is distraught when he begins losing his hearing. However, things take a turn when he meets Joe, who heads a community comprising of people with hearing impairment.",https://boxd.it/i7Q4
0096,Chicago,2002,113,"Nightclub sensation Velma murders her philandering husband, and Chicago's slickest lawyer, Billy Flynn, is set to defend her. But when Roxie also winds up in prison, Billy takes on her case as well -- turning her into a media circus of headlines. Neither woman will be outdone in their fight against each other and the public for fame and celebrity.

Benny's review: liked it",https://boxd.it/28zm
0097,American Psycho,2000,102,"In New York City in 1987, a handsome, young urban professional, Patrick Bateman lives a second life as a gruesome serial killer by night. The cast is filled by the detective, the fiance, the mistress, the coworker, and the secretary. This is a biting, wry comedy examining the elements that make a man a monster.

Benny's review: liked it",https://boxd.it/28Vs
0098,The Watermelon Woman,1996,110,"An aspiring black lesbian filmmaker researches an obscure 1940s black actress billed as the Watermelon Woman.

Benny's review: liked it",https://boxd.it/RRc
0099,Sucker Punch,2011,110,"A young girl institutionalized by her abusive stepfather retreats to an alternative reality as a coping strategy and envisions a plan to help her escape.

Benny's review: hated it",https://boxd.it/1yYg
0100,Constantine,2005,121,"Detective Angela approaches Constantine, a demon hunter, to help her investigate her twin sister's mysterious death. As he digs deeper, he realizes that demons are trying to enter the human world.",https://boxd.it/2a7E
0101,Mother,2009,129,"A widow resides with her mentally challenged son in a small South Korean town, where she scrapes out a living selling medicinal herbs. Mother and son are plunged into a nightmare when the body of a murdered young girl is discovered. Circumstantial evidence indicates the son's involvement, and he becomes the prime suspect during the sloppy police investigation. Betrayed by the legal system, the mother takes the law into her own hands to clear her son's name.

Benny's review: watched it",https://boxd.it/1m9g
0102,La Haine,1995,98,"When a young Arab is arrested and beaten unconscious by police, a riot erupts in the notoriously violent suburbs outside of Paris. Three of the victim's peers, Vinz, Said and Hubert, wander aimlessly about their home turf in the aftermath of the violence as they try to come to grips with their outrage over the brutal incident. After one of the men finds a police officer's discarded weapon, their night seems poised to take a bleak turn.",https://boxd.it/2as8
0103,Rashomon,1950,88,"A riveting psychological thriller that investigates the nature of truth and the meaning of justice, Rashomon is widely considered one of the greatest films ever made. Four people give different accounts of a man’s murder and the rape of his wife.",https://boxd.it/2a9K
0104,Blue Velvet,1986,120,"College student Jeffrey Beaumont returns home after his father has a stroke. When he discovers a severed ear in an abandoned field, Beaumont teams up with detective's daughter Sandy Williams to solve the mystery. They believe beautiful lounge singer Dorothy Vallens may be connected with the case, and Beaumont finds himself becoming drawn into her dark, twisted world, where he encounters sexually depraved psychopath Frank Booth.",https://boxd.it/29BI
0105,Collateral,2004,120,"After a long day, LA taxi driver Max is about to knock off when sharp-suited Vincent offers him $600 to make five stops. Sounds good until Vincent turns out to be a merciless hitman and each one of those stops involves a hit. As the night goes on, Max starts to wonder if he'll live to see the sunrise, as the pair are hunted by the police and the FBI.",https://boxd.it/28F0
0106,Natural Born Killers,1994,119,Two victims of traumatized childhoods become lovers and psychopathic serial murderers irresponsibly glorified by the mass media.,https://boxd.it/2aNg
0107,Mysterious Skin,2004,107,This riveting drama brings together two unlikely heroes: a young male prostitute and another young man who's convinced he was abducted by aliens.,https://boxd.it/1UsG
0108,Eddington,2025,145,"During the COVID-19 pandemic, a standoff between a small-town sheriff and mayor sparks a powder keg as neighbour is pitted against neighbour in Eddington, N.M.",https://boxd.it/o6MC
0109,Whip It,2009,111,Small-town teen Bliss dodges her mother's beauty pageant plans in favor of joining a knock-'em-sock-'em all-girl roller derby team.,https://boxd.it/1A3m
0110,Twisters,2024,122,"Haunted by a devastating encounter with a tornado, Kate Cooper gets lured back to the open plains by her friend, Javi, to test a groundbreaking new tracking system. She soon crosses paths with Tyler Owens, a charming but reckless social-media superstar who thrives on posting his storm-chasing adventures. As storm season intensifies, Kate, Tyler and their competing teams find themselves in a fight for their lives as multiple systems converge over central Oklahoma.",https://boxd.it/qV7a
0111,Die Hard,1988,132,"New York City policeman John McClane is visiting his estranged wife and two daughters on Christmas Eve. He joins her at a holiday party in the headquarters of the Japanese-owned business she works for. But the festivities are interrupted by a group of terrorists who take over the exclusive high-rise, and everyone in it. Very soon McClane realizes that there's no one to save the hostages -- but him.

Benny's review: watched it",https://boxd.it/2a7u
0112,Perfect Blue,1997,81,"A young Japanese singer is encouraged by her agent to quit singing and pursue an acting career, beginning with a role in a murder mystery TV show.",https://boxd.it/1W7A
0113,Paprika,2006,90,"Dr. Atsuko Chiba works as a scientist by day and, under the code name ""Paprika,"" is a dream detective at night. Atsuko and her colleagues are working on a device called the DC Mini, which is intended to help psychiatric patients, but in the wrong hands it could destroy people's minds. When a prototype is stolen, Atsuko/Paprika springs into action to recover it before damage is done.",https://boxd.it/23wW
0114,Castle in the Sky,1986,135,"Young orphan Sheeta and her kidnapper, Col. Muska, are flying to a military prison when their plane is attacked by a gang of air pirates led by the matronly Dola. Escaping from a mid-air collision via a magic crystal around her neck, Sheeta meets fellow orphan Pazu and the pair join forces to discover the mystical floating city of Laputa while pursued by both Muska and the pirates, who lust for the city's myriad treasures.",https://boxd.it/1W4G
0115,Princess Mononoke,1997,133,"In the 14th century, the harmony that humans, animals and gods have enjoyed begins to crumble. The protagonist, young Ashitaka - infected by an animal attack, seeks a cure from the deer-like god Shishigami. In his travels, he sees humans ravaging the earth, bringing down the wrath of wolf god Moro and his human companion Princess Mononoke. Hiskattempts to broker peace between her and the humans brings only conflict.",https://boxd.it/2b4w
0116,Bee Movie,2007,91,"Fresh out of college, Barry the Bee finds the prospect of working with honey uninspiring. He flies outside the hive for the first time and talks to a human, breaking a cardinal rule of his species. Barry learns that humans have been stealing and eating honey for centuries, and he realizes that his true calling is to obtain justice for his kind by suing humanity for theft.

Benny's review: hated it",https://boxd.it/22Vw
0117,The Prince of Egypt,1998,99,"In this animated retelling of the Book of Exodus, Egyptian Prince Moses (Val Kilmer), upon discovering his roots as a Jewish slave, embarks on a quest to free his people from bondage. When his plea is denied by his brother Rameses (Ralph Fiennes), the new pharaoh, a series of horrific plagues strike Egypt. Moses finally leads the Israelites to freedom by parting the Red Sea and drowning the Egyptian army. God then gives Moses the Ten Commandments, a list of rules for his people to live by.

Benny's review: I love you",https://boxd.it/1XGQ
0118,A Serious Man,2009,105,"Larry Gopnik is a physics professor at a 1960s university, but his life is coming apart at the seams. His wife is leaving him, his jobless brother has moved in, and someone is trying to sabotage his chances for tenure. Larry seeks advice from three different rabbis, but whether anyone can help him overcome his many afflictions remains to be seen.",https://boxd.it/1RFW
0119,Practical Magic,1998,104,"Sally and Gillian Owens, born into a magical family, have mostly avoided witchcraft themselves. But when Gillian's vicious boyfriend, Jimmy Angelov, dies unexpectedly, the Owens sisters give themselves a crash course in hard magic. With policeman Gary Hallet growing suspicious, the girls struggle to resurrect Angelov -- and unwittingly inject his corpse with an evil spirit that threatens to end their family line.

Benny's review: watched it",https://boxd.it/21HS
0120,Freddy Got Fingered,2001,87,"Gord Brody is a struggling cartoonist trying to pitch an animated show to Hollywood executives. When he fails, he returns to his hometown with no choice but to live with his parents and younger brother, Freddy. His father doesn't approve of Gord's career path, and pressures him to gain independence. As father and son exchange barbs, Gord comes up with a lie that changes everything: He claims his dad is molesting Freddy, leading to drastic consequences.",https://boxd.it/1QGk
0121,Drop Dead Gorgeous,1999,97,"An annual beauty pageant in small-town Minnesota turns ridiculously competitive and ultimately chaotic in this biting comedy. Amber Atkins, the daughter of hard-drinking mom Annette, and Becky Leeman, who is motivated by her former beauty-queen mother, Gladys, are among the top contenders in the event. As Amber, Becky, and other local girls prepare for the big day, bizarre incidents occur, leading up to an ending with a bang.",https://boxd.it/1W8e
0122,My Dinner with Andre,1981,110,"Old friends Wallace and Andre haven't seen each another in five years and agree to meet for dinner. Andre, a once well-known theater director, dropped out of the New York scene to travel the world, while Wallace stuck around, finding only mixed success as a playwright. As they sit down to eat, Andre launches into a series of fantastic stories from his time away, and Wallace can't help but notice how different their worldviews have become.",https://boxd.it/1vLe
0123,Dirty Harry,1971,102,Cop Harry Callahan attempts to track down a psychopathic rooftop killer before a kidnapped girl dies. When he is found Harry abuses the murderer's civil rights putting him back on the streets. Once he is released he hijacks a school bus and Harry must go after him again. The only way to stop this vicious killer is in cold blood.,https://boxd.it/299E
0124,Anger Management,2003,106,"The film tells the story of a businessman who is sentenced to an anger management program under a renowned therapist with unconventional methods.

Benny's review: watched it",https://boxd.it/1YvO
0125,Happiness,1998,134,"This dark ensemble-comedy is centered on the three Jordan sisters. Joy moves through lackluster jobs with no sense of purpose. Now employed teaching adults, she is dating a student, Russian taxi-driver Vlad. Helen is an esteemed poet who becomes amused by her perverted neighbor, Allen. And eldest sister Trish is married to Bill, a psychiatrist with a very disturbing secret life.",https://boxd.it/1VEe
0126,Tropic Thunder,2008,108,"While shooting a war film, the director attempts to liven up proceedings by dropping the principle actors into the middle of a real jungle, claiming he is going to capture their performance with hidden cameras. The hapless group including drug-addled comedy star Jeff Portnoy and po-faced method man Kirk Lazarus are completely unaware when a series of unfortunate events leads them into the middle of a real war zone.

Benny's review: hated it",https://boxd.it/20WM
0127,8th Grade,2018,93,"Thirteen-year-old Kayla endures the tidal wave of contemporary suburban adolescence as she makes her way through the last week of middle school -- the end of her thus far disastrous eighth-grade year.

Benny's review: watched it",https://boxd.it/hDMG
0128,Thirteen,2003,100,"Honor student Tracy Freeland has a troubling home life, but she is close to her mother, Melanie. While trying to conceal her inner turmoil by excelling academically, she befriends the calculating Evie, her school's queen bee. Evie talks Tracy into experimenting with drugs, exploring her sexuality and pickpocketing strangers to finance shopping sprees -- but before long, Melanie realizes she must step in and stop her daughter's destructive lifestyle.",https://boxd.it/1UPK
0129,Cry-Baby,1990,91,A prim and proper schoolgirl goes against her mother's wishes when she dates a motorcycle-riding juvenile delinquent.,https://boxd.it/1XRa
0130,Bottle Rocket,1996,91,"Anthony has just been released from a mental hospital, only to find his wacky friend Dignan determined to begin an outrageous crime spree. After recruiting their neighbor, Bob, the team embarks on a road trip in search of Dignan's previous boss, Mr. Henry. But the more they learn, the more they realize that they do not know the first thing about crime.",https://boxd.it/1PDa
0131,No Country for Old Men,2007,122,"While out hunting, Llewelyn Moss finds the grisly aftermath of a drug deal. Though he knows better, he cannot resist the cash left behind and takes it with him. The hunter becomes the hunted when a merciless killer named Chigurh picks up his trail. Also looking for Moss is Sheriff Bell, an aging lawman who reflects on a changing world and a dark secret of his own, as he tries to find and protect Moss.

Benny's review: I love you",https://boxd.it/21ew
0132,The Beguiled,2017,94,"Cpl. John McBurney is an injured Union soldier who finds himself on the run as a deserter during the Civil War. He seeks refuge at an all-female Southern boarding school where the teachers and students seem more than willing to help. Soon, sexual tensions lead to dangerous rivalries as the women tend to his wounded leg while offering him comfort and companionship.

Benny's review: liked it",https://boxd.it/dZ1k
0133,Carrie,1976,98,"In this chilling adaptation of Stephen King's horror novel, withdrawn and sensitive teen Carrie White faces taunting from classmates at school and abuse from her fanatically pious mother at home. When strange occurrences start happening around Carrie, she begins to suspect that she has supernatural powers. Invited to the prom by the empathetic Tommy Ross, Carrie tries to let her guard down, but things eventually take a dark and violent turn.",https://boxd.it/20ZQ
0134,Fight Club,1999,149,"A depressed man suffering from insomnia meets a strange soap salesman named Tyler Durden and soon finds himself living in his squalid house after his perfect apartment is destroyed. The two bored men form an underground club with strict rules and fight other men who are fed up with their mundane lives. Their perfect partnership frays when Marla, a fellow support group crasher, attracts Tyler's attention.

Benny's review: hated it",https://boxd.it/2a9q
0135,Gone Girl,2014,149,"Former New York-based writer Nick Dunne and his glamorous wife Amy present a portrait of a blissful marriage to the public; when Amy goes missing on the couple's fifth wedding anniversary, Nick becomes the prime suspect in her disappearance; the resulting police pressure and media frenzy cause the Dunnes' image of a happy union to crumble, leading to tantalizing questions about who Nick and Amy truly are.

Benny's review: watched it",https://boxd.it/6hQu
0136,Adaptation.,2002,114,"Nicolas Cage is Charlie Kaufman, a confused L.A. screenwriter overwhelmed by feelings of inadequacy, sexual frustration, self-loathing, and by the screenwriting ambitions of his freeloading twin brother Donald. While struggling to adapt ""The Orchid Thief,"" by Susan Orlean, Kaufman's life spins from pathetic to bizarre. The lives of Kaufman, Orlean's book, become strangely intertwined as each one's search for passion collides with the others'.",https://boxd.it/26mA
0137,20th Century Women,2016,119,"In 1979 Santa Barbara, Calif., Dorothea Fields is a determined single mother in her mid-50s who is raising her adolescent son, Jamie, at a moment brimming with cultural change and rebellion. Dorothea enlists the help of two younger women -- Abbie, a free-spirited punk artist living as a boarder in the Fields' home and Julie, a savvy and provocative teenage neighbor -- to help with Jamie's upbringing.

Benny's review: watched it",https://boxd.it/bqU6
0138,"Salò, or the 120 Days of Sodom",1977,117,"In World War II Italy, four fascist libertines round up nine adolescent boys and girls and subject them to 120 days of torture.",https://boxd.it/237s
0139,Certain Women,2016,107,Three strong-willed women strive to forge their own paths amidst the wide-open plains of the American Northwest: a lawyer who finds herself contending with both office sexism and a hostage situation; a wife and mother whose determination to build her dream home puts her at odds with the men in her life; and a young law student who forms an ambiguous bond with a lonely ranch hand.,https://boxd.it/bk7W
0140,Run Lola Run,1998,80,"In this visually and conceptually impressive film, two-bit Berlin criminal Manni delivers some smuggled loot for his boss, Ronnie, but accidentally leaves the 100,000 mark payment in a subway car. Given 20 minutes to come up with the money, he calls his girlfriend, Lola, who sprints through the streets of the city to try to beg the money out of her bank manager father and get to Manni before he does something desperate.",https://boxd.it/2b8o
0141,Taxi Driver,1976,114,"Suffering from insomnia, disturbed loner Travis Bickle takes a job as a New York City cabbie, haunting the streets nightly, growing increasingly detached from reality as he dreams of cleaning up the filthy city. When Travis meets pretty campaign worker Betsy, he becomes obsessed with the idea of saving the world, first plotting to assassinate a presidential candidate, then directing his attentions toward rescuing 12-year-old prostitute Iris.

Benny's review: watched it",https://boxd.it/2b8y
0142,Casino,1995,178,"In early-1970s Las Vegas, low-level mobster Sam ""Ace"" Rothstein gets tapped by his bosses to head the Tangiers Casino. At first, he's a great success in the job, but over the years, problems with his loose-cannon enforcer Nicky Santoro, his ex-hustler wife Ginger, her con-artist ex Lester Diamond and a handful of corrupt politicians put Sam in ever-increasing danger.",https://boxd.it/2ads
0143,Melancholia,2011,136,"A planet hurtles toward a collision course with Earth. Two sisters, one of them trying to recover from a heavy bout of depression and a failed marriage, cope with their destiny in very different ways.",https://boxd.it/bPI
0144,Are All Men Pedophiles?,2013,70,"This documentary explores male sexual desire and aims to make a scientific distinction between true pedophilia and attraction to young women.

Benny's review: hated it",https://boxd.it/4yac
0145,My Dead Dad’s Porno Tapes,2018,14,"A short documentary that follows director Charlie Tyrell as he tries to uncover a better understanding of his deceased father through the random objects he inherited, including a pile of VHS dirty movies.

Benny's review: liked it",https://boxd.it/hKLg
0146,Recorder: The Marion Stokes Project,2019,87,"Marion Stokes secretly recorded television 24 hours a day for 30 years from 1975 until her death in 2012. For Marion taping was a form of activism to seek the truth, and she believed that a comprehensive archive of the media would be invaluable for future generations. Her visionary and maddening project nearly tore her family apart, but now her 70,000 VHS tapes are being digitized and they'll be searchable online.

Benny's review: watched it",https://boxd.it/kioY
0147,Crumb,1994,120,"Filmmaker Terry Zwigoff creates a complex but affectionate portrait of his longtime friend, underground cartoonist Robert Crumb. A notorious curmudgeon who would prefer to be alone with his fellow cartoonist wife Aline Kominsky-Crumb and his beloved vintage jazz records, Crumb reveals himself to be a complicated personality who suffered a troubled upbringing and harbors a philosophical opposition to the 1960s hippie underground that first celebrated his work.",https://boxd.it/1tDi
0148,Faster Pussycat! Kill! Kill!,1965,84,"Russ Meyer's cult favorite follows sadistic go-go dancers Varla, Rosie and Billie as they break free from the nightclub where they perform and race out to the desert to stir up a little mayhem. After karate expert Varla kills an innocent man, the voluptuous trio takes his girlfriend hostage as they attempt to wheedle a hidden fortune from a misogynistic old man and his muscle-bound, brain-damaged son.

Benny's review: liked it",https://boxd.it/2aBO
0149,Hellboy,2004,122,"At the end of World War II, the Nazis attempt to open a portal to a paranormal dimension in order to defeat the Allies, but are only able to summon a baby demon who is rescued by Allied forces and dubbed ""Hellboy"". Sixty years later, Hellboy serves as an agent in the Bureau of Paranormal Research and Defense, where he, aided by Abe Sapien, a merman with psychic powers, and Liz Sherman, a woman with pyrokinesis, protects America against dark forces.",https://boxd.it/28HK
0150,Brigsby Bear,2017,100,"The show `Brigsby Bear Adventures' is a children's television programme produced for an audience of one: James Pope. When the series abruptly ends, Pope's life changes forever as he sets out to finish the storyline himself. To do that, he must learn how to cope with the realities of a new world that he knows nothing about.

Benny's review: liked it",https://boxd.it/ebkS